"iteration","time","best-fitness","average-fitness","best-genome"
"0","0.0","66433.0625","inf","[0, 15, 25, 14, 31, 22, 2, 11, 33, 7, 27, 19, 29, 38, 37, 44, 30, 21, 20, 48, 46, 40, 49, 5, 42, 35, 28, 13, 32, 10, 24, 3, 34, 47, 12, 9, 18, 23, 39, 17, 41, 43, 1, 36, 45, 16, 6, 8, 26, 4]"
"1","0.008552312850952148","62938.01171875","67819.64509483831","[0, 15, 25, 14, 31, 22, 2, 11, 33, 7, 27, 19, 29, 38, 37, 44, 30, 21, 20, 48, 46, 40, 49, 5, 42, 35, 28, 13, 32, 10, 24, 3, 34, 47, 12, 9, 18, 17, 41, 23, 39, 1, 36, 43, 6, 45, 16, 8, 26, 4]"
"2","0.10895419120788574","62140.2578125","65507.645483519904","[0, 15, 25, 14, 31, 22, 2, 11, 33, 7, 27, 19, 29, 38, 37, 44, 30, 21, 20, 48, 46, 40, 49, 5, 42, 35, 28, 13, 32, 10, 24, 3, 34, 47, 12, 9, 41, 17, 18, 23, 39, 1, 36, 43, 6, 45, 16, 8, 26, 4]"
"3","0.209608793258667","61038.5234375","63082.85494402985","[0, 4, 25, 14, 31, 22, 2, 11, 33, 7, 27, 19, 29, 38, 37, 44, 30, 21, 20, 48, 46, 40, 49, 5, 42, 35, 28, 13, 32, 10, 24, 3, 34, 47, 9, 12, 41, 17, 18, 23, 39, 1, 36, 43, 6, 45, 16, 8, 26, 15]"
"4","0.310422420501709","60735.265625","61412.94086209577","[0, 25, 14, 31, 22, 2, 11, 33, 7, 27, 19, 29, 38, 37, 44, 30, 21, 20, 40, 46, 48, 49, 5, 42, 35, 28, 13, 32, 10, 24, 3, 34, 47, 9, 12, 41, 17, 18, 23, 39, 1, 36, 43, 6, 45, 16, 8, 26, 15, 4]"
"5","0.41109251976013184","60577.52734375","61131.18965718283","[0, 4, 25, 14, 31, 22, 2, 11, 33, 7, 27, 19, 29, 38, 37, 44, 30, 21, 20, 48, 46, 40, 49, 5, 42, 35, 28, 13, 32, 10, 24, 3, 9, 12, 47, 34, 41, 17, 18, 23, 39, 1, 36, 43, 6, 45, 16, 8, 26, 15]"
"6","0.5117535591125488","59466.81640625","60982.94181436567","[0, 25, 14, 31, 22, 2, 11, 33, 7, 27, 19, 29, 38, 37, 44, 30, 21, 20, 40, 46, 49, 48, 5, 42, 35, 28, 13, 32, 10, 24, 3, 34, 9, 12, 18, 17, 41, 6, 45, 16, 1, 36, 43, 39, 23, 47, 8, 26, 15, 4]"
"7","0.6128332614898682","58936.296875","59820.89297652363","[0, 4, 25, 14, 31, 22, 2, 11, 33, 7, 27, 19, 29, 38, 37, 44, 30, 21, 20, 48, 46, 40, 49, 5, 42, 35, 28, 13, 32, 10, 24, 3, 34, 9, 12, 41, 17, 43, 6, 45, 16, 1, 36, 39, 18, 23, 47, 8, 26, 15]"
"8","0.7140967845916748","58172.66015625","58843.37915889303","[0, 4, 25, 14, 31, 22, 2, 11, 33, 7, 27, 19, 29, 38, 37, 44, 30, 21, 20, 40, 46, 49, 48, 5, 42, 35, 28, 13, 32, 10, 24, 3, 9, 12, 34, 41, 17, 43, 6, 45, 16, 1, 36, 39, 23, 18, 47, 8, 26, 15]"
"9","0.8151919841766357","58010.96875","58252.24595771144","[0, 25, 14, 31, 22, 2, 11, 33, 7, 27, 19, 29, 38, 37, 44, 30, 21, 20, 40, 46, 49, 48, 5, 42, 35, 28, 13, 32, 10, 3, 24, 9, 12, 34, 41, 17, 43, 6, 45, 16, 1, 36, 39, 23, 18, 47, 8, 26, 15, 4]"
"10","0.9160394668579102","58010.96484375","58855.812325093284","[0, 25, 14, 31, 22, 2, 11, 33, 7, 27, 19, 29, 38, 37, 44, 30, 21, 20, 40, 46, 49, 48, 5, 42, 35, 28, 13, 32, 10, 3, 24, 9, 12, 34, 41, 17, 43, 6, 45, 16, 1, 36, 39, 23, 18, 47, 8, 26, 15, 4]"
"11","1.01658034324646","58010.96484375","59300.03676927861","[0, 25, 14, 31, 22, 2, 11, 33, 7, 27, 19, 29, 38, 37, 44, 30, 21, 20, 40, 46, 49, 48, 5, 42, 35, 28, 13, 32, 10, 3, 24, 9, 12, 34, 41, 17, 43, 6, 45, 16, 1, 36, 39, 23, 18, 47, 8, 26, 15, 4]"
"12","1.1174778938293457","58010.9609375","59104.83716184701","[0, 25, 14, 31, 22, 2, 11, 33, 7, 27, 19, 29, 38, 37, 44, 30, 21, 20, 40, 46, 49, 48, 5, 42, 35, 28, 13, 32, 10, 3, 24, 9, 12, 34, 41, 17, 43, 6, 45, 16, 1, 36, 39, 23, 18, 47, 8, 26, 15, 4]"
"13","1.2182369232177734","58010.95703125","59502.18670320274","[0, 25, 14, 31, 22, 2, 11, 33, 7, 27, 19, 29, 38, 37, 44, 30, 21, 20, 40, 46, 49, 48, 5, 42, 35, 28, 13, 32, 10, 3, 24, 9, 12, 34, 41, 17, 43, 6, 45, 16, 1, 36, 39, 23, 18, 47, 8, 26, 15, 4]"
"14","1.3186557292938232","58010.95703125","59577.18934623756","[0, 25, 14, 31, 22, 2, 11, 33, 7, 27, 19, 29, 38, 37, 44, 30, 21, 20, 40, 46, 49, 48, 5, 42, 35, 28, 13, 32, 10, 3, 24, 9, 12, 34, 41, 17, 43, 6, 45, 16, 1, 36, 39, 23, 18, 47, 8, 26, 15, 4]"
"15","1.4193534851074219","58010.95703125","59635.240069185325","[0, 25, 14, 31, 22, 2, 11, 33, 7, 27, 19, 29, 38, 37, 44, 30, 21, 20, 40, 46, 49, 48, 5, 42, 35, 28, 13, 32, 10, 3, 24, 9, 12, 34, 41, 17, 43, 6, 45, 16, 1, 36, 39, 23, 18, 47, 8, 26, 15, 4]"
"16","1.5201926231384277","58010.95703125","60200.73565764925","[0, 25, 14, 31, 22, 2, 11, 33, 7, 27, 19, 29, 38, 37, 44, 30, 21, 20, 40, 46, 49, 48, 5, 42, 35, 28, 13, 32, 10, 3, 24, 9, 12, 34, 41, 17, 43, 6, 45, 16, 1, 36, 39, 23, 18, 47, 8, 26, 15, 4]"
"17","1.6216747760772705","58010.95703125","60186.31990438433","[0, 25, 14, 31, 22, 2, 11, 33, 7, 27, 19, 29, 38, 37, 44, 30, 21, 20, 40, 46, 49, 48, 5, 42, 35, 28, 13, 32, 10, 3, 24, 9, 12, 34, 41, 17, 43, 6, 45, 16, 1, 36, 39, 23, 18, 47, 8, 26, 15, 4]"
"18","1.7225751876831055","58010.95703125","59915.05867148632","[0, 25, 14, 31, 22, 2, 11, 33, 7, 27, 19, 29, 38, 37, 44, 30, 21, 20, 40, 46, 49, 48, 5, 42, 35, 28, 13, 32, 10, 3, 24, 9, 12, 34, 41, 17, 43, 6, 45, 16, 1, 36, 39, 23, 18, 47, 8, 26, 15, 4]"
"19","1.823091745376587","58010.95703125","59777.37412546642","[0, 25, 14, 31, 22, 2, 11, 33, 7, 27, 19, 29, 38, 37, 44, 30, 21, 20, 40, 46, 49, 48, 5, 42, 35, 28, 13, 32, 10, 3, 24, 9, 12, 34, 41, 17, 43, 6, 45, 16, 1, 36, 39, 23, 18, 47, 8, 26, 15, 4]"
"20","1.9235012531280518","58010.95703125","59791.12740982587","[0, 25, 14, 31, 22, 2, 11, 33, 7, 27, 19, 29, 38, 37, 44, 30, 21, 20, 40, 46, 49, 48, 5, 42, 35, 28, 13, 32, 10, 3, 24, 9, 12, 34, 41, 17, 43, 6, 45, 16, 1, 36, 39, 23, 18, 47, 8, 26, 15, 4]"
"21","2.024373769760132","58010.95703125","59924.08475202115","[0, 25, 14, 31, 22, 2, 11, 33, 7, 27, 19, 29, 38, 37, 44, 30, 21, 20, 40, 46, 49, 48, 5, 42, 35, 28, 13, 32, 10, 3, 24, 9, 12, 34, 41, 17, 43, 6, 45, 16, 1, 36, 39, 23, 18, 47, 8, 26, 15, 4]"
"22","2.1258432865142822","58010.95703125","60101.14867070896","[0, 25, 14, 31, 22, 2, 11, 33, 7, 27, 19, 29, 38, 37, 44, 30, 21, 20, 40, 46, 49, 48, 5, 42, 35, 28, 13, 32, 10, 3, 24, 9, 12, 34, 41, 17, 43, 6, 45, 16, 1, 36, 39, 23, 18, 47, 8, 26, 15, 4]"
"23","2.227037191390991","58010.95703125","60199.44682835821","[0, 25, 14, 31, 22, 2, 11, 33, 7, 27, 19, 29, 38, 37, 44, 30, 21, 20, 40, 46, 49, 48, 5, 42, 35, 28, 13, 32, 10, 3, 24, 9, 12, 34, 41, 17, 43, 6, 45, 16, 1, 36, 39, 23, 18, 47, 8, 26, 15, 4]"
"24","2.328345775604248","58010.95703125","60585.73915578358","[0, 25, 14, 31, 22, 2, 11, 33, 7, 27, 19, 29, 38, 37, 44, 30, 21, 20, 40, 46, 49, 48, 5, 42, 35, 28, 13, 32, 10, 3, 24, 9, 12, 34, 41, 17, 43, 6, 45, 16, 1, 36, 39, 23, 18, 47, 8, 26, 15, 4]"
"25","2.429417848587036","58010.95703125","60071.41841573383","[0, 25, 14, 31, 22, 2, 11, 33, 7, 27, 19, 29, 38, 37, 44, 30, 21, 20, 40, 46, 49, 48, 5, 42, 35, 28, 13, 32, 10, 3, 24, 9, 12, 34, 41, 17, 43, 6, 45, 16, 1, 36, 39, 23, 18, 47, 8, 26, 15, 4]"
"26","2.5307059288024902","58010.953125","59754.122978855725","[0, 25, 14, 31, 22, 2, 11, 33, 7, 27, 19, 29, 38, 37, 44, 30, 21, 20, 40, 46, 49, 48, 5, 42, 35, 28, 13, 32, 10, 3, 24, 9, 12, 34, 41, 17, 43, 6, 45, 16, 1, 36, 39, 23, 18, 47, 8, 26, 15, 4]"
"27","2.632526397705078","58010.953125","59911.72549362562","[0, 25, 14, 31, 22, 2, 11, 33, 7, 27, 19, 29, 38, 37, 44, 30, 21, 20, 40, 46, 49, 48, 5, 42, 35, 28, 13, 32, 10, 3, 24, 9, 12, 34, 41, 17, 43, 6, 45, 16, 1, 36, 39, 23, 18, 47, 8, 26, 15, 4]"
"28","2.7336528301239014","58010.953125","59973.579854633084","[0, 25, 14, 31, 22, 2, 11, 33, 7, 27, 19, 29, 38, 37, 44, 30, 21, 20, 40, 46, 49, 48, 5, 42, 35, 28, 13, 32, 10, 3, 24, 9, 12, 34, 41, 17, 43, 6, 45, 16, 1, 36, 39, 23, 18, 47, 8, 26, 15, 4]"
"29","2.8350017070770264","58010.953125","59674.97459965796","[0, 25, 14, 31, 22, 2, 11, 33, 7, 27, 19, 29, 38, 37, 44, 30, 21, 20, 40, 46, 49, 48, 5, 42, 35, 28, 13, 32, 10, 3, 24, 9, 12, 34, 41, 17, 43, 6, 45, 16, 1, 36, 39, 23, 18, 47, 8, 26, 15, 4]"
"30","2.936250925064087","58010.953125","60167.48890314055","[0, 25, 14, 31, 22, 2, 11, 33, 7, 27, 19, 29, 38, 37, 44, 30, 21, 20, 40, 46, 49, 48, 5, 42, 35, 28, 13, 32, 10, 3, 24, 9, 12, 34, 41, 17, 43, 6, 45, 16, 1, 36, 39, 23, 18, 47, 8, 26, 15, 4]"
"31","3.0376546382904053","58010.953125","60177.13778762438","[0, 25, 14, 31, 22, 2, 11, 33, 7, 27, 19, 29, 38, 37, 44, 30, 21, 20, 40, 46, 49, 48, 5, 42, 35, 28, 13, 32, 10, 3, 24, 9, 12, 34, 41, 17, 43, 6, 45, 16, 1, 36, 39, 23, 18, 47, 8, 26, 15, 4]"
"32","3.1392598152160645","58010.953125","60041.15735774254","[0, 25, 14, 31, 22, 2, 11, 33, 7, 27, 19, 29, 38, 37, 44, 30, 21, 20, 40, 46, 49, 48, 5, 42, 35, 28, 13, 32, 10, 3, 24, 9, 12, 34, 41, 17, 43, 6, 45, 16, 1, 36, 39, 23, 18, 47, 8, 26, 15, 4]"
"33","3.240532636642456","58010.953125","59752.90131374378","[0, 25, 14, 31, 22, 2, 11, 33, 7, 27, 19, 29, 38, 37, 44, 30, 21, 20, 40, 46, 49, 48, 5, 42, 35, 28, 13, 32, 10, 3, 24, 9, 12, 34, 41, 17, 43, 6, 45, 16, 1, 36, 39, 23, 18, 47, 8, 26, 15, 4]"
"34","3.341730833053589","58010.953125","59637.241332400496","[0, 25, 14, 31, 22, 2, 11, 33, 7, 27, 19, 29, 38, 37, 44, 30, 21, 20, 40, 46, 49, 48, 5, 42, 35, 28, 13, 32, 10, 3, 24, 9, 12, 34, 41, 17, 43, 6, 45, 16, 1, 36, 39, 23, 18, 47, 8, 26, 15, 4]"
"35","3.4425830841064453","58010.953125","59158.39124689055","[0, 25, 14, 31, 22, 2, 11, 33, 7, 27, 19, 29, 38, 37, 44, 30, 21, 20, 40, 46, 49, 48, 5, 42, 35, 28, 13, 32, 10, 3, 24, 9, 12, 34, 41, 17, 43, 6, 45, 16, 1, 36, 39, 23, 18, 47, 8, 26, 15, 4]"
"36","3.5435502529144287","58010.953125","59083.69919931592","[0, 25, 14, 31, 22, 2, 11, 33, 7, 27, 19, 29, 38, 37, 44, 30, 21, 20, 40, 46, 49, 48, 5, 42, 35, 28, 13, 32, 10, 3, 24, 9, 12, 34, 41, 17, 43, 6, 45, 16, 1, 36, 39, 23, 18, 47, 8, 26, 15, 4]"
"37","3.645164728164673","58010.953125","59171.84691775498","[0, 25, 14, 31, 22, 2, 11, 33, 7, 27, 19, 29, 38, 37, 44, 30, 21, 20, 40, 46, 49, 48, 5, 42, 35, 28, 13, 32, 10, 3, 24, 9, 12, 34, 41, 17, 43, 6, 45, 16, 1, 36, 39, 23, 18, 47, 8, 26, 15, 4]"
"38","3.7464640140533447","58010.953125","59289.942494558454","[0, 25, 14, 31, 22, 2, 11, 33, 7, 27, 19, 29, 38, 37, 44, 30, 21, 20, 40, 46, 49, 48, 5, 42, 35, 28, 13, 32, 10, 3, 24, 9, 12, 34, 41, 17, 43, 6, 45, 16, 1, 36, 39, 23, 18, 47, 8, 26, 15, 4]"
"39","3.8479912281036377","58010.953125","59584.05443485697","[0, 25, 14, 31, 22, 2, 11, 33, 7, 27, 19, 29, 38, 37, 44, 30, 21, 20, 40, 46, 49, 48, 5, 42, 35, 28, 13, 32, 10, 3, 24, 9, 12, 34, 41, 17, 43, 6, 45, 16, 1, 36, 39, 23, 18, 47, 8, 26, 15, 4]"
"40","3.949167490005493","58010.953125","59471.38036380597","[0, 25, 14, 31, 22, 2, 11, 33, 7, 27, 19, 29, 38, 37, 44, 30, 21, 20, 40, 46, 49, 48, 5, 42, 35, 28, 13, 32, 10, 3, 24, 9, 12, 34, 41, 17, 43, 6, 45, 16, 1, 36, 39, 23, 18, 47, 8, 26, 15, 4]"
"41","4.049933910369873","58010.953125","59392.54570895522","[0, 25, 14, 31, 22, 2, 11, 33, 7, 27, 19, 29, 38, 37, 44, 30, 21, 20, 40, 46, 49, 48, 5, 42, 35, 28, 13, 32, 10, 3, 24, 9, 12, 34, 41, 17, 43, 6, 45, 16, 1, 36, 39, 23, 18, 47, 8, 26, 15, 4]"
"42","4.151172161102295","58010.953125","59266.043182524874","[0, 25, 14, 31, 22, 2, 11, 33, 7, 27, 19, 29, 38, 37, 44, 30, 21, 20, 40, 46, 49, 48, 5, 42, 35, 28, 13, 32, 10, 3, 24, 9, 12, 34, 41, 17, 43, 6, 45, 16, 1, 36, 39, 23, 18, 47, 8, 26, 15, 4]"
"43","4.251560211181641","58010.953125","59086.01739350124","[0, 25, 14, 31, 22, 2, 11, 33, 7, 27, 19, 29, 38, 37, 44, 30, 21, 20, 40, 46, 49, 48, 5, 42, 35, 28, 13, 32, 10, 3, 24, 9, 12, 34, 41, 17, 43, 6, 45, 16, 1, 36, 39, 23, 18, 47, 8, 26, 15, 4]"
"44","4.352737665176392","58010.953125","59134.28997590174","[0, 25, 14, 31, 22, 2, 11, 33, 7, 27, 19, 29, 38, 37, 44, 30, 21, 20, 40, 46, 49, 48, 5, 42, 35, 28, 13, 32, 10, 3, 24, 9, 12, 34, 41, 17, 43, 6, 45, 16, 1, 36, 39, 23, 18, 47, 8, 26, 15, 4]"
"45","4.453542232513428","58010.953125","59312.67307991294","[0, 25, 14, 31, 22, 2, 11, 33, 7, 27, 19, 29, 38, 37, 44, 30, 21, 20, 40, 46, 49, 48, 5, 42, 35, 28, 13, 32, 10, 3, 24, 9, 12, 34, 41, 17, 43, 6, 45, 16, 1, 36, 39, 23, 18, 47, 8, 26, 15, 4]"
"46","4.554137229919434","58010.96484375","59534.99568563433","[0, 25, 14, 31, 22, 2, 11, 33, 7, 27, 19, 29, 38, 37, 44, 30, 21, 20, 40, 46, 49, 48, 5, 42, 35, 28, 13, 32, 10, 3, 24, 9, 12, 34, 41, 17, 43, 6, 45, 16, 1, 36, 39, 23, 18, 47, 8, 26, 15, 4]"
"47","4.655993938446045","58010.9609375","59158.416666666664","[0, 25, 14, 31, 22, 2, 11, 33, 7, 27, 19, 29, 38, 37, 44, 30, 21, 20, 40, 46, 49, 48, 5, 42, 35, 28, 13, 32, 10, 3, 24, 9, 12, 34, 41, 17, 43, 6, 45, 16, 1, 36, 39, 23, 18, 47, 8, 26, 15, 4]"
"48","4.758387088775635","58010.9609375","58952.2479011194","[0, 25, 14, 31, 22, 2, 11, 33, 7, 27, 19, 29, 38, 37, 44, 30, 21, 20, 40, 46, 49, 48, 5, 42, 35, 28, 13, 32, 10, 3, 24, 9, 12, 34, 41, 17, 43, 6, 45, 16, 1, 36, 39, 23, 18, 47, 8, 26, 15, 4]"
"49","4.863913536071777","58010.9609375","59029.577036691546","[0, 25, 14, 31, 22, 2, 11, 33, 7, 27, 19, 29, 38, 37, 44, 30, 21, 20, 40, 46, 49, 48, 5, 42, 35, 28, 13, 32, 10, 3, 24, 9, 12, 34, 41, 17, 43, 6, 45, 16, 1, 36, 39, 23, 18, 47, 8, 26, 15, 4]"
"50","4.97085976600647","58010.9609375","59043.380635883084","[0, 25, 14, 31, 22, 2, 11, 33, 7, 27, 19, 29, 38, 37, 44, 30, 21, 20, 40, 46, 49, 48, 5, 42, 35, 28, 13, 32, 10, 3, 24, 9, 12, 34, 41, 17, 43, 6, 45, 16, 1, 36, 39, 23, 18, 47, 8, 26, 15, 4]"
"51","5.076252222061157","58010.9609375","59063.571012126864","[0, 25, 14, 31, 22, 2, 11, 33, 7, 27, 19, 29, 38, 37, 44, 30, 21, 20, 40, 46, 49, 48, 5, 42, 35, 28, 13, 32, 10, 3, 24, 9, 12, 34, 41, 17, 43, 6, 45, 16, 1, 36, 39, 23, 18, 47, 8, 26, 15, 4]"
"52","5.1961565017700195","58010.9609375","59746.61285370025","[0, 25, 14, 31, 22, 2, 11, 33, 7, 27, 19, 29, 38, 37, 44, 30, 21, 20, 40, 46, 49, 48, 5, 42, 35, 28, 13, 32, 10, 3, 24, 9, 12, 34, 41, 17, 43, 6, 45, 16, 1, 36, 39, 23, 18, 47, 8, 26, 15, 4]"
"53","5.299264669418335","58010.9609375","59725.48462764303","[0, 25, 14, 31, 22, 2, 11, 33, 7, 27, 19, 29, 38, 37, 44, 30, 21, 20, 40, 46, 49, 48, 5, 42, 35, 28, 13, 32, 10, 3, 24, 9, 12, 34, 41, 17, 43, 6, 45, 16, 1, 36, 39, 23, 18, 47, 8, 26, 15, 4]"
"54","5.412153482437134","58010.95703125","59163.23173196518","[0, 25, 14, 31, 22, 2, 11, 33, 7, 27, 19, 29, 38, 37, 44, 30, 21, 20, 40, 46, 49, 48, 5, 42, 35, 28, 13, 32, 10, 3, 24, 9, 12, 34, 41, 17, 43, 6, 45, 16, 1, 36, 39, 23, 18, 47, 8, 26, 15, 4]"
"55","5.529186487197876","58010.95703125","59297.60154306592","[0, 25, 14, 31, 22, 2, 11, 33, 7, 27, 19, 29, 38, 37, 44, 30, 21, 20, 40, 46, 49, 48, 5, 42, 35, 28, 13, 32, 10, 3, 24, 9, 12, 34, 41, 17, 43, 6, 45, 16, 1, 36, 39, 23, 18, 47, 8, 26, 15, 4]"
"56","5.646782636642456","58010.95703125","59606.87684623756","[0, 25, 14, 31, 22, 2, 11, 33, 7, 27, 19, 29, 38, 37, 44, 30, 21, 20, 40, 46, 49, 48, 5, 42, 35, 28, 13, 32, 10, 3, 24, 9, 12, 34, 41, 17, 43, 6, 45, 16, 1, 36, 39, 23, 18, 47, 8, 26, 15, 4]"
"57","5.760784387588501","58010.95703125","59425.06780550373","[0, 25, 14, 31, 22, 2, 11, 33, 7, 27, 19, 29, 38, 37, 44, 30, 21, 20, 40, 46, 49, 48, 5, 42, 35, 28, 13, 32, 10, 3, 24, 9, 12, 34, 41, 17, 43, 6, 45, 16, 1, 36, 39, 23, 18, 47, 8, 26, 15, 4]"
"58","5.871541261672974","58010.95703125","59172.96385261194","[0, 25, 14, 31, 22, 2, 11, 33, 7, 27, 19, 29, 38, 37, 44, 30, 21, 20, 40, 46, 49, 48, 5, 42, 35, 28, 13, 32, 10, 3, 24, 9, 12, 34, 41, 17, 43, 6, 45, 16, 1, 36, 39, 23, 18, 47, 8, 26, 15, 4]"
"59","5.980064153671265","58010.95703125","59176.09034903607","[0, 25, 14, 31, 22, 2, 11, 33, 7, 27, 19, 29, 38, 37, 44, 30, 21, 20, 40, 46, 49, 48, 5, 42, 35, 28, 13, 32, 10, 3, 24, 9, 12, 34, 41, 17, 43, 6, 45, 16, 1, 36, 39, 23, 18, 47, 8, 26, 15, 4]"
"60","6.086562156677246","58010.95703125","58989.69966573383","[0, 25, 14, 31, 22, 2, 11, 33, 7, 27, 19, 29, 38, 37, 44, 30, 21, 20, 40, 46, 49, 48, 5, 42, 35, 28, 13, 32, 10, 3, 24, 9, 12, 34, 41, 17, 43, 6, 45, 16, 1, 36, 39, 23, 18, 47, 8, 26, 15, 4]"
"61","6.192272663116455","58010.95703125","59099.1427238806","[0, 25, 14, 31, 22, 2, 11, 33, 7, 27, 19, 29, 38, 37, 44, 30, 21, 20, 40, 46, 49, 48, 5, 42, 35, 28, 13, 32, 10, 3, 24, 9, 12, 34, 41, 17, 43, 6, 45, 16, 1, 36, 39, 23, 18, 47, 8, 26, 15, 4]"
"62","6.298348426818848","58010.95703125","59005.054123911694","[0, 25, 14, 31, 22, 2, 11, 33, 7, 27, 19, 29, 38, 37, 44, 30, 21, 20, 40, 46, 49, 48, 5, 42, 35, 28, 13, 32, 10, 3, 24, 9, 12, 34, 41, 17, 43, 6, 45, 16, 1, 36, 39, 23, 18, 47, 8, 26, 15, 4]"
"63","6.4050352573394775","58010.95703125","58864.54819651741","[0, 25, 14, 31, 22, 2, 11, 33, 7, 27, 19, 29, 38, 37, 44, 30, 21, 20, 40, 46, 49, 48, 5, 42, 35, 28, 13, 32, 10, 3, 24, 9, 12, 34, 41, 17, 43, 6, 45, 16, 1, 36, 39, 23, 18, 47, 8, 26, 15, 4]"
"64","6.514248371124268","58010.95703125","59181.820623445274","[0, 25, 14, 31, 22, 2, 11, 33, 7, 27, 19, 29, 38, 37, 44, 30, 21, 20, 40, 46, 49, 48, 5, 42, 35, 28, 13, 32, 10, 3, 24, 9, 12, 34, 41, 17, 43, 6, 45, 16, 1, 36, 39, 23, 18, 47, 8, 26, 15, 4]"
"65","6.623104095458984","58010.95703125","59139.4688471704","[0, 25, 14, 31, 22, 2, 11, 33, 7, 27, 19, 29, 38, 37, 44, 30, 21, 20, 40, 46, 49, 48, 5, 42, 35, 28, 13, 32, 10, 3, 24, 9, 12, 34, 41, 17, 43, 6, 45, 16, 1, 36, 39, 23, 18, 47, 8, 26, 15, 4]"
"66","6.732072591781616","58010.95703125","59633.35972481343","[0, 25, 14, 31, 22, 2, 11, 33, 7, 27, 19, 29, 38, 37, 44, 30, 21, 20, 40, 46, 49, 48, 5, 42, 35, 28, 13, 32, 10, 3, 24, 9, 12, 34, 41, 17, 43, 6, 45, 16, 1, 36, 39, 23, 18, 47, 8, 26, 15, 4]"
"67","6.841088056564331","58010.95703125","59840.093575093284","[0, 25, 14, 31, 22, 2, 11, 33, 7, 27, 19, 29, 38, 37, 44, 30, 21, 20, 40, 46, 49, 48, 5, 42, 35, 28, 13, 32, 10, 3, 24, 9, 12, 34, 41, 17, 43, 6, 45, 16, 1, 36, 39, 23, 18, 47, 8, 26, 15, 4]"
"68","6.949631690979004","58010.95703125","59368.66106965174","[0, 25, 14, 31, 22, 2, 11, 33, 7, 27, 19, 29, 38, 37, 44, 30, 21, 20, 40, 46, 49, 48, 5, 42, 35, 28, 13, 32, 10, 3, 24, 9, 12, 34, 41, 17, 43, 6, 45, 16, 1, 36, 39, 23, 18, 47, 8, 26, 15, 4]"
"69","7.065448999404907","58010.95703125","59214.56654228856","[0, 25, 14, 31, 22, 2, 11, 33, 7, 27, 19, 29, 38, 37, 44, 30, 21, 20, 40, 46, 49, 48, 5, 42, 35, 28, 13, 32, 10, 3, 24, 9, 12, 34, 41, 17, 43, 6, 45, 16, 1, 36, 39, 23, 18, 47, 8, 26, 15, 4]"
"70","7.172963380813599","58010.96484375","58936.9413090796","[0, 25, 14, 31, 22, 2, 11, 33, 7, 27, 19, 29, 38, 37, 44, 30, 21, 20, 40, 46, 49, 48, 5, 42, 35, 28, 13, 32, 10, 3, 24, 9, 12, 34, 41, 17, 43, 6, 45, 16, 1, 36, 39, 23, 18, 47, 8, 26, 15, 4]"
"71","7.294124364852905","58010.96484375","58819.949879508706","[0, 25, 14, 31, 22, 2, 11, 33, 7, 27, 19, 29, 38, 37, 44, 30, 21, 20, 40, 46, 49, 48, 5, 42, 35, 28, 13, 32, 10, 3, 24, 9, 12, 34, 41, 17, 43, 6, 45, 16, 1, 36, 39, 23, 18, 47, 8, 26, 15, 4]"
"72","7.400808095932007","58010.96484375","58944.8927238806","[0, 25, 14, 31, 22, 2, 11, 33, 7, 27, 19, 29, 38, 37, 44, 30, 21, 20, 40, 46, 49, 48, 5, 42, 35, 28, 13, 32, 10, 3, 24, 9, 12, 34, 41, 17, 43, 6, 45, 16, 1, 36, 39, 23, 18, 47, 8, 26, 15, 4]"
"73","7.515658378601074","58010.96484375","58728.41414023632","[0, 25, 14, 31, 22, 2, 11, 33, 7, 27, 19, 29, 38, 37, 44, 30, 21, 20, 40, 46, 49, 48, 5, 42, 35, 28, 13, 32, 10, 3, 24, 9, 12, 34, 41, 17, 43, 6, 45, 16, 1, 36, 39, 23, 18, 47, 8, 26, 15, 4]"
"74","7.62782883644104","58010.9609375","59155.49492770522","[0, 25, 14, 31, 22, 2, 11, 33, 7, 27, 19, 29, 38, 37, 44, 30, 21, 20, 40, 46, 49, 48, 5, 42, 35, 28, 13, 32, 10, 3, 24, 9, 12, 34, 41, 17, 43, 6, 45, 16, 1, 36, 39, 23, 18, 47, 8, 26, 15, 4]"
"75","7.7391369342803955","58010.9609375","59012.82456856343","[0, 25, 14, 31, 22, 2, 11, 33, 7, 27, 19, 29, 38, 37, 44, 30, 21, 20, 40, 46, 49, 48, 5, 42, 35, 28, 13, 32, 10, 3, 24, 9, 12, 34, 41, 17, 43, 6, 45, 16, 1, 36, 39, 23, 18, 47, 8, 26, 15, 4]"
"76","7.848288059234619","58010.9609375","59256.29005363806","[0, 25, 14, 31, 22, 2, 11, 33, 7, 27, 19, 29, 38, 37, 44, 30, 21, 20, 40, 46, 49, 48, 5, 42, 35, 28, 13, 32, 10, 3, 24, 9, 12, 34, 41, 17, 43, 6, 45, 16, 1, 36, 39, 23, 18, 47, 8, 26, 15, 4]"
"77","7.956817865371704","58010.9609375","59102.78608908582","[0, 25, 14, 31, 22, 2, 11, 33, 7, 27, 19, 29, 38, 37, 44, 30, 21, 20, 40, 46, 49, 48, 5, 42, 35, 28, 13, 32, 10, 3, 24, 9, 12, 34, 41, 17, 43, 6, 45, 16, 1, 36, 39, 23, 18, 47, 8, 26, 15, 4]"
"78","8.067936897277832","58010.9609375","58972.245432991294","[0, 25, 14, 31, 22, 2, 11, 33, 7, 27, 19, 29, 38, 37, 44, 30, 21, 20, 40, 46, 49, 48, 5, 42, 35, 28, 13, 32, 10, 3, 24, 9, 12, 34, 41, 17, 43, 6, 45, 16, 1, 36, 39, 23, 18, 47, 8, 26, 15, 4]"
"79","8.191887855529785","58010.9609375","59134.86689598881","[0, 25, 14, 31, 22, 2, 11, 33, 7, 27, 19, 29, 38, 37, 44, 30, 21, 20, 40, 46, 49, 48, 5, 42, 35, 28, 13, 32, 10, 3, 24, 9, 12, 34, 41, 17, 43, 6, 45, 16, 1, 36, 39, 23, 18, 47, 8, 26, 15, 4]"
"80","8.304666519165039","58010.9609375","59038.57103156095","[0, 25, 14, 31, 22, 2, 11, 33, 7, 27, 19, 29, 38, 37, 44, 30, 21, 20, 40, 46, 49, 48, 5, 42, 35, 28, 13, 32, 10, 3, 24, 9, 12, 34, 41, 17, 43, 6, 45, 16, 1, 36, 39, 23, 18, 47, 8, 26, 15, 4]"
"81","8.41887092590332","58010.9609375","58808.27302938433","[0, 25, 14, 31, 22, 2, 11, 33, 7, 27, 19, 29, 38, 37, 44, 30, 21, 20, 40, 46, 49, 48, 5, 42, 35, 28, 13, 32, 10, 3, 24, 9, 12, 34, 41, 17, 43, 6, 45, 16, 1, 36, 39, 23, 18, 47, 8, 26, 15, 4]"
"82","8.532225370407104","58010.9609375","58947.363456156716","[0, 25, 14, 31, 22, 2, 11, 33, 7, 27, 19, 29, 38, 37, 44, 30, 21, 20, 40, 46, 49, 48, 5, 42, 35, 28, 13, 32, 10, 3, 24, 9, 12, 34, 41, 17, 43, 6, 45, 16, 1, 36, 39, 23, 18, 47, 8, 26, 15, 4]"
"83","8.646822452545166","58010.9609375","58927.06718361318","[0, 25, 14, 31, 22, 2, 11, 33, 7, 27, 19, 29, 38, 37, 44, 30, 21, 20, 40, 46, 49, 48, 5, 42, 35, 28, 13, 32, 10, 3, 24, 9, 12, 34, 41, 17, 43, 6, 45, 16, 1, 36, 39, 23, 18, 47, 8, 26, 15, 4]"
"84","8.760342836380005","58010.96484375","59127.23979710821","[0, 25, 14, 31, 22, 2, 11, 33, 7, 27, 19, 29, 38, 37, 44, 30, 21, 20, 40, 46, 49, 48, 5, 42, 35, 28, 13, 32, 10, 3, 24, 9, 12, 34, 41, 17, 43, 6, 45, 16, 1, 36, 39, 23, 18, 47, 8, 26, 15, 4]"
"85","8.872998476028442","58010.9609375","59319.01791822139","[0, 25, 14, 31, 22, 2, 11, 33, 7, 27, 19, 29, 38, 37, 44, 30, 21, 20, 40, 46, 49, 48, 5, 42, 35, 28, 13, 32, 10, 3, 24, 9, 12, 34, 41, 17, 43, 6, 45, 16, 1, 36, 39, 23, 18, 47, 8, 26, 15, 4]"
"86","8.988548278808594","58010.9609375","59352.461986940296","[0, 25, 14, 31, 22, 2, 11, 33, 7, 27, 19, 29, 38, 37, 44, 30, 21, 20, 40, 46, 49, 48, 5, 42, 35, 28, 13, 32, 10, 3, 24, 9, 12, 34, 41, 17, 43, 6, 45, 16, 1, 36, 39, 23, 18, 47, 8, 26, 15, 4]"
"87","9.103158712387085","58010.9609375","59077.88320118159","[0, 25, 14, 31, 22, 2, 11, 33, 7, 27, 19, 29, 38, 37, 44, 30, 21, 20, 40, 46, 49, 48, 5, 42, 35, 28, 13, 32, 10, 3, 24, 9, 12, 34, 41, 17, 43, 6, 45, 16, 1, 36, 39, 23, 18, 47, 8, 26, 15, 4]"
"88","9.216497659683228","58010.96484375","59210.617556747515","[0, 25, 14, 31, 22, 2, 11, 33, 7, 27, 19, 29, 38, 37, 44, 30, 21, 20, 40, 46, 49, 48, 5, 42, 35, 28, 13, 32, 10, 3, 24, 9, 12, 34, 41, 17, 43, 6, 45, 16, 1, 36, 39, 23, 18, 47, 8, 26, 15, 4]"
"89","9.330411672592163","58010.96484375","59237.1466301306","[0, 25, 14, 31, 22, 2, 11, 33, 7, 27, 19, 29, 38, 37, 44, 30, 21, 20, 40, 46, 49, 48, 5, 42, 35, 28, 13, 32, 10, 3, 24, 9, 12, 34, 41, 17, 43, 6, 45, 16, 1, 36, 39, 23, 18, 47, 8, 26, 15, 4]"
"90","9.436131238937378","58010.96484375","59419.207633706465","[0, 25, 14, 31, 22, 2, 11, 33, 7, 27, 19, 29, 38, 37, 44, 30, 21, 20, 40, 46, 49, 48, 5, 42, 35, 28, 13, 32, 10, 3, 24, 9, 12, 34, 41, 17, 43, 6, 45, 16, 1, 36, 39, 23, 18, 47, 8, 26, 15, 4]"
"91","9.543166160583496","58010.96484375","58939.500816231346","[0, 25, 14, 31, 22, 2, 11, 33, 7, 27, 19, 29, 38, 37, 44, 30, 21, 20, 40, 46, 49, 48, 5, 42, 35, 28, 13, 32, 10, 3, 24, 9, 12, 34, 41, 17, 43, 6, 45, 16, 1, 36, 39, 23, 18, 47, 8, 26, 15, 4]"
"92","9.65980339050293","58010.95703125","58804.716184701494","[0, 25, 14, 31, 22, 2, 11, 33, 7, 27, 19, 29, 38, 37, 44, 30, 21, 20, 40, 46, 49, 48, 5, 42, 35, 28, 13, 32, 10, 3, 24, 9, 12, 34, 41, 17, 43, 6, 45, 16, 1, 36, 39, 23, 18, 47, 8, 26, 15, 4]"
"93","9.782119274139404","58010.95703125","59067.6717778296","[0, 25, 14, 31, 22, 2, 11, 33, 7, 27, 19, 29, 38, 37, 44, 30, 21, 20, 40, 46, 49, 48, 5, 42, 35, 28, 13, 32, 10, 3, 24, 9, 12, 34, 41, 17, 43, 6, 45, 16, 1, 36, 39, 23, 18, 47, 8, 26, 15, 4]"
"94","9.901618242263794","58010.95703125","59273.25058302239","[0, 25, 14, 31, 22, 2, 11, 33, 7, 27, 19, 29, 38, 37, 44, 30, 21, 20, 40, 46, 49, 48, 5, 42, 35, 28, 13, 32, 10, 3, 24, 9, 12, 34, 41, 17, 43, 6, 45, 16, 1, 36, 39, 23, 18, 47, 8, 26, 15, 4]"
"95","10.023959398269653","58010.9609375","59295.57932991294","[0, 25, 14, 31, 22, 2, 11, 33, 7, 27, 19, 29, 38, 37, 44, 30, 21, 20, 40, 46, 49, 48, 5, 42, 35, 28, 13, 32, 10, 3, 24, 9, 12, 34, 41, 17, 43, 6, 45, 16, 1, 36, 39, 23, 18, 47, 8, 26, 15, 4]"
"96","10.14682412147522","58010.95703125","59439.12379508706","[0, 25, 14, 31, 22, 2, 11, 33, 7, 27, 19, 29, 38, 37, 44, 30, 21, 20, 40, 46, 49, 48, 5, 42, 35, 28, 13, 32, 10, 3, 24, 9, 12, 34, 41, 17, 43, 6, 45, 16, 1, 36, 39, 23, 18, 47, 8, 26, 15, 4]"
"97","10.26812744140625","58010.95703125","59668.782940764926","[0, 25, 14, 31, 22, 2, 11, 33, 7, 27, 19, 29, 38, 37, 44, 30, 21, 20, 40, 46, 49, 48, 5, 42, 35, 28, 13, 32, 10, 3, 24, 9, 12, 34, 41, 17, 43, 6, 45, 16, 1, 36, 39, 23, 18, 47, 8, 26, 15, 4]"
"98","10.388011932373047","58010.95703125","59501.376787935325","[0, 25, 14, 31, 22, 2, 11, 33, 7, 27, 19, 29, 38, 37, 44, 30, 21, 20, 40, 46, 49, 48, 5, 42, 35, 28, 13, 32, 10, 3, 24, 9, 12, 34, 41, 17, 43, 6, 45, 16, 1, 36, 39, 23, 18, 47, 8, 26, 15, 4]"
"99","10.510120391845703","58010.95703125","59141.49216806592","[0, 25, 14, 31, 22, 2, 11, 33, 7, 27, 19, 29, 38, 37, 44, 30, 21, 20, 40, 46, 49, 48, 5, 42, 35, 28, 13, 32, 10, 3, 24, 9, 12, 34, 41, 17, 43, 6, 45, 16, 1, 36, 39, 23, 18, 47, 8, 26, 15, 4]"
"100","10.631629467010498","58010.95703125","59094.86378653607","[0, 25, 14, 31, 22, 2, 11, 33, 7, 27, 19, 29, 38, 37, 44, 30, 21, 20, 40, 46, 49, 48, 5, 42, 35, 28, 13, 32, 10, 3, 24, 9, 12, 34, 41, 17, 43, 6, 45, 16, 1, 36, 39, 23, 18, 47, 8, 26, 15, 4]"
"101","10.75987458229065","58010.95703125","59225.41958177861","[0, 25, 14, 31, 22, 2, 11, 33, 7, 27, 19, 29, 38, 37, 44, 30, 21, 20, 40, 46, 49, 48, 5, 42, 35, 28, 13, 32, 10, 3, 24, 9, 12, 34, 41, 17, 43, 6, 45, 16, 1, 36, 39, 23, 18, 47, 8, 26, 15, 4]"
"102","10.894237756729126","58010.95703125","58870.525069962685","[0, 25, 14, 31, 22, 2, 11, 33, 7, 27, 19, 29, 38, 37, 44, 30, 21, 20, 40, 46, 49, 48, 5, 42, 35, 28, 13, 32, 10, 3, 24, 9, 12, 34, 41, 17, 43, 6, 45, 16, 1, 36, 39, 23, 18, 47, 8, 26, 15, 4]"
"103","11.017727375030518","58010.95703125","59403.352417599504","[0, 25, 14, 31, 22, 2, 11, 33, 7, 27, 19, 29, 38, 37, 44, 30, 21, 20, 40, 46, 49, 48, 5, 42, 35, 28, 13, 32, 10, 3, 24, 9, 12, 34, 41, 17, 43, 6, 45, 16, 1, 36, 39, 23, 18, 47, 8, 26, 15, 4]"
"104","11.128645420074463","58010.95703125","59390.01865671642","[0, 25, 14, 31, 22, 2, 11, 33, 7, 27, 19, 29, 38, 37, 44, 30, 21, 20, 40, 46, 49, 48, 5, 42, 35, 28, 13, 32, 10, 3, 24, 9, 12, 34, 41, 17, 43, 6, 45, 16, 1, 36, 39, 23, 18, 47, 8, 26, 15, 4]"
"105","11.23902440071106","58010.95703125","59099.52060012438","[0, 25, 14, 31, 22, 2, 11, 33, 7, 27, 19, 29, 38, 37, 44, 30, 21, 20, 40, 46, 49, 48, 5, 42, 35, 28, 13, 32, 10, 3, 24, 9, 12, 34, 41, 17, 43, 6, 45, 16, 1, 36, 39, 23, 18, 47, 8, 26, 15, 4]"
"106","11.351678609848022","58010.95703125","58985.83838619403","[0, 25, 14, 31, 22, 2, 11, 33, 7, 27, 19, 29, 38, 37, 44, 30, 21, 20, 40, 46, 49, 48, 5, 42, 35, 28, 13, 32, 10, 3, 24, 9, 12, 34, 41, 17, 43, 6, 45, 16, 1, 36, 39, 23, 18, 47, 8, 26, 15, 4]"
"107","11.464528322219849","57721.53125","58951.955398787315","[0, 25, 14, 31, 22, 2, 11, 33, 7, 27, 19, 29, 38, 37, 44, 30, 21, 20, 40, 46, 49, 48, 5, 42, 35, 28, 13, 32, 10, 3, 24, 9, 12, 23, 18, 36, 43, 6, 45, 16, 1, 39, 17, 41, 34, 47, 8, 26, 15, 4]"
"108","11.569607257843018","57721.53125","58663.89540578358","[0, 25, 14, 31, 22, 2, 11, 33, 7, 27, 19, 29, 38, 37, 44, 30, 21, 20, 40, 46, 49, 48, 5, 42, 35, 28, 13, 32, 10, 3, 24, 9, 12, 23, 18, 36, 43, 6, 45, 16, 1, 39, 17, 41, 34, 47, 8, 26, 15, 4]"
"109","11.675295352935791","57721.53125","58567.83426616916","[0, 25, 14, 31, 22, 2, 11, 33, 7, 27, 19, 29, 38, 37, 44, 30, 21, 20, 40, 46, 49, 48, 5, 42, 35, 28, 13, 32, 10, 3, 24, 9, 12, 23, 18, 36, 43, 6, 45, 16, 1, 39, 17, 41, 34, 47, 8, 26, 15, 4]"
"110","11.779540300369263","57721.53125","58367.158271144275","[0, 25, 14, 31, 22, 2, 11, 33, 7, 27, 19, 29, 38, 37, 44, 30, 21, 20, 40, 46, 49, 48, 5, 42, 35, 28, 13, 32, 10, 3, 24, 9, 12, 23, 18, 36, 43, 6, 45, 16, 1, 39, 17, 41, 34, 47, 8, 26, 15, 4]"
"111","11.884240627288818","57721.52734375","58779.11670164801","[0, 25, 14, 31, 22, 2, 11, 33, 7, 27, 19, 29, 38, 37, 44, 30, 21, 20, 40, 46, 49, 48, 5, 42, 35, 28, 13, 32, 10, 3, 24, 9, 12, 23, 18, 36, 43, 6, 45, 16, 1, 39, 17, 41, 34, 47, 8, 26, 15, 4]"
"112","11.991575956344604","57721.52734375","58854.90047807836","[0, 25, 14, 31, 22, 2, 11, 33, 7, 27, 19, 29, 38, 37, 44, 30, 21, 20, 40, 46, 49, 48, 5, 42, 35, 28, 13, 32, 10, 3, 24, 9, 12, 23, 18, 36, 43, 6, 45, 16, 1, 39, 17, 41, 34, 47, 8, 26, 15, 4]"
"113","12.10358715057373","57721.52734375","59093.91829912936","[0, 25, 14, 31, 22, 2, 11, 33, 7, 27, 19, 29, 38, 37, 44, 30, 21, 20, 40, 46, 49, 48, 5, 42, 35, 28, 13, 32, 10, 3, 24, 9, 12, 23, 18, 36, 43, 6, 45, 16, 1, 39, 17, 41, 34, 47, 8, 26, 15, 4]"
"114","12.213134527206421","57721.52734375","58699.739991449","[0, 25, 14, 31, 22, 2, 11, 33, 7, 27, 19, 29, 38, 37, 44, 30, 21, 20, 40, 46, 49, 48, 5, 42, 35, 28, 13, 32, 10, 3, 24, 9, 12, 23, 18, 36, 43, 6, 45, 16, 1, 39, 17, 41, 34, 47, 8, 26, 15, 4]"
"115","12.325815439224243","57721.52734375","58597.15774642413","[0, 25, 14, 31, 22, 2, 11, 33, 7, 27, 19, 29, 38, 37, 44, 30, 21, 20, 40, 46, 49, 48, 5, 42, 35, 28, 13, 32, 10, 3, 24, 9, 12, 23, 18, 36, 43, 6, 45, 16, 1, 39, 17, 41, 34, 47, 8, 26, 15, 4]"
"116","12.437121391296387","57721.52734375","58752.22123756219","[0, 25, 14, 31, 22, 2, 11, 33, 7, 27, 19, 29, 38, 37, 44, 30, 21, 20, 40, 46, 49, 48, 5, 42, 35, 28, 13, 32, 10, 3, 24, 9, 12, 23, 18, 36, 43, 6, 45, 16, 1, 39, 17, 41, 34, 47, 8, 26, 15, 4]"
"117","12.539966583251953","57721.52734375","58507.35560478856","[0, 25, 14, 31, 22, 2, 11, 33, 7, 27, 19, 29, 38, 37, 44, 30, 21, 20, 40, 46, 49, 48, 5, 42, 35, 28, 13, 32, 10, 3, 24, 9, 12, 23, 18, 36, 43, 6, 45, 16, 1, 39, 17, 41, 34, 47, 8, 26, 15, 4]"
"118","12.643104314804077","57721.52734375","58689.66445118159","[0, 25, 14, 31, 22, 2, 11, 33, 7, 27, 19, 29, 38, 37, 44, 30, 21, 20, 40, 46, 49, 48, 5, 42, 35, 28, 13, 32, 10, 3, 24, 9, 12, 23, 18, 36, 43, 6, 45, 16, 1, 39, 17, 41, 34, 47, 8, 26, 15, 4]"
"119","12.746934175491333","57721.52734375","58577.83760883084","[0, 25, 14, 31, 22, 2, 11, 33, 7, 27, 19, 29, 38, 37, 44, 30, 21, 20, 40, 46, 49, 48, 5, 42, 35, 28, 13, 32, 10, 3, 24, 9, 12, 23, 18, 36, 43, 6, 45, 16, 1, 39, 17, 41, 34, 47, 8, 26, 15, 4]"
"120","12.848764657974243","57721.52734375","58872.71490205224","[0, 25, 14, 31, 22, 2, 11, 33, 7, 27, 19, 29, 38, 37, 44, 30, 21, 20, 40, 46, 49, 48, 5, 42, 35, 28, 13, 32, 10, 3, 24, 9, 12, 23, 18, 36, 43, 6, 45, 16, 1, 39, 17, 41, 34, 47, 8, 26, 15, 4]"
"121","12.948960781097412","57721.52734375","58942.77845149254","[0, 25, 14, 31, 22, 2, 11, 33, 7, 27, 19, 29, 38, 37, 44, 30, 21, 20, 40, 46, 49, 48, 5, 42, 35, 28, 13, 32, 10, 3, 24, 9, 12, 23, 18, 36, 43, 6, 45, 16, 1, 39, 17, 41, 34, 47, 8, 26, 15, 4]"
"122","13.050748348236084","57721.52734375","58778.548701803484","[0, 25, 14, 31, 22, 2, 11, 33, 7, 27, 19, 29, 38, 37, 44, 30, 21, 20, 40, 46, 49, 48, 5, 42, 35, 28, 13, 32, 10, 3, 24, 9, 12, 23, 18, 36, 43, 6, 45, 16, 1, 39, 17, 41, 34, 47, 8, 26, 15, 4]"
"123","13.153474807739258","57721.52734375","58933.39027518657","[0, 25, 14, 31, 22, 2, 11, 33, 7, 27, 19, 29, 38, 37, 44, 30, 21, 20, 40, 46, 49, 48, 5, 42, 35, 28, 13, 32, 10, 3, 24, 9, 12, 23, 18, 36, 43, 6, 45, 16, 1, 39, 17, 41, 34, 47, 8, 26, 15, 4]"
"124","13.256621599197388","57721.52734375","58552.78779928482","[0, 25, 14, 31, 22, 2, 11, 33, 7, 27, 19, 29, 38, 37, 44, 30, 21, 20, 40, 46, 49, 48, 5, 42, 35, 28, 13, 32, 10, 3, 24, 9, 12, 23, 18, 36, 43, 6, 45, 16, 1, 39, 17, 41, 34, 47, 8, 26, 15, 4]"
"125","13.360075950622559","57721.52734375","58468.16373212064","[0, 25, 14, 31, 22, 2, 11, 33, 7, 27, 19, 29, 38, 37, 44, 30, 21, 20, 40, 46, 49, 48, 5, 42, 35, 28, 13, 32, 10, 3, 24, 9, 12, 23, 18, 36, 43, 6, 45, 16, 1, 39, 17, 41, 34, 47, 8, 26, 15, 4]"
"126","13.476495504379272","57721.52734375","58767.838988650496","[0, 25, 14, 31, 22, 2, 11, 33, 7, 27, 19, 29, 38, 37, 44, 30, 21, 20, 40, 46, 49, 48, 5, 42, 35, 28, 13, 32, 10, 3, 24, 9, 12, 23, 18, 36, 43, 6, 45, 16, 1, 39, 17, 41, 34, 47, 8, 26, 15, 4]"
"127","13.583109140396118","57721.52734375","58506.82173118781","[0, 25, 14, 31, 22, 2, 11, 33, 7, 27, 19, 29, 38, 37, 44, 30, 21, 20, 40, 46, 49, 48, 5, 42, 35, 28, 13, 32, 10, 3, 24, 9, 12, 23, 18, 36, 43, 6, 45, 16, 1, 39, 17, 41, 34, 47, 8, 26, 15, 4]"
"128","13.687640905380249","57721.52734375","58634.74350901741","[0, 25, 14, 31, 22, 2, 11, 33, 7, 27, 19, 29, 38, 37, 44, 30, 21, 20, 40, 46, 49, 48, 5, 42, 35, 28, 13, 32, 10, 3, 24, 9, 12, 23, 18, 36, 43, 6, 45, 16, 1, 39, 17, 41, 34, 47, 8, 26, 15, 4]"
"129","13.792634010314941","57721.52734375","58809.58319729478","[0, 25, 14, 31, 22, 2, 11, 33, 7, 27, 19, 29, 38, 37, 44, 30, 21, 20, 40, 46, 49, 48, 5, 42, 35, 28, 13, 32, 10, 3, 24, 9, 12, 23, 18, 36, 43, 6, 45, 16, 1, 39, 17, 41, 34, 47, 8, 26, 15, 4]"
"130","13.897332906723022","57721.52734375","58559.57260572139","[0, 25, 14, 31, 22, 2, 11, 33, 7, 27, 19, 29, 38, 37, 44, 30, 21, 20, 40, 46, 49, 48, 5, 42, 35, 28, 13, 32, 10, 3, 24, 9, 12, 23, 18, 36, 43, 6, 45, 16, 1, 39, 17, 41, 34, 47, 8, 26, 15, 4]"
"131","14.00557255744934","57721.52734375","58498.603758551","[0, 25, 14, 31, 22, 2, 11, 33, 7, 27, 19, 29, 38, 37, 44, 30, 21, 20, 40, 46, 49, 48, 5, 42, 35, 28, 13, 32, 10, 3, 24, 9, 12, 23, 18, 36, 43, 6, 45, 16, 1, 39, 17, 41, 34, 47, 8, 26, 15, 4]"
